ID,Service,Acount,Description,PasswordSet,CreatedAt,UpdatedAt
00000000-0000-0000-0000-000000000000,b,bba,6E{+<sc5,0001-01-01 00:00:00 +0000 UTC,0001-01-01 00:00:00 +0000 UTC
00000000-0000-0000-0000-000000000000,bb,bb,v0#q#8Vh,0001-01-01 00:00:00 +0000 UTC,0001-01-01 00:00:00 +0000 UTC
00000000-0000-0000-0000-000000000000,pulpul@gmail.com,hage,GBY-5W.K,0001-01-01 00:00:00 +0000 UTC,0001-01-01 00:00:00 +0000 UTC
00000000-0000-0000-0000-000000000000,ggg,ggg,mN(Oq[]a,0001-01-01 00:00:00 +0000 UTC,0001-01-01 00:00:00 +0000 UTC
00000000-0000-0000-0000-000000000000,hh,hh,bn?s]>iG,0001-01-01 00:00:00 +0000 UTC,0001-01-01 00:00:00 +0000 UTC
00000000-0000-0000-0000-000000000000,ha,bac,zC&YBc=>,0001-01-01 00:00:00 +0000 UTC,0001-01-01 00:00:00 +0000 UTC
00000000-0000-0000-0000-000000000000,wd,wd,ZxY<+ZCL,2020-10-19 17:40:40.769412 +0900 JST,2020-10-19 17:40:40.769412 +0900 JST
00000000-0000-0000-0000-000000000000,yg,yg,8aotz493,2020-10-19 21:00:16.656504 +0900 JST,2020-10-19 21:00:16.656504 +0900 JST
8dff57cb-fdd1-418d-8e50-64ed3da4890b,hello,hello,nEn05sQw,2020-10-20 00:51:57.542211 +0900 JST,2020-10-20 00:51:57.542211 +0900 JST
